term,p,chi
midge_z,0.2875,1.103653630707413e-7
site,0.217,4.675004974276931
midge_z:site,0.147,4.490619529817138
