term,p,chi
midge_z,0,31.87643681556341
site,0.4225,2.110962994484538
